iter,objval
1,264993.3526094555
2,264993.3526094555
3,264993.3526094555
4,264993.3526094555
5,264993.3526094555
