iter,objval
1,264991.9303287778
2,264991.9303287778
3,264991.9303287778
4,264991.9303287778
5,264991.9303287778
