iter,objval
1,264991.7875169762
2,264991.7875169762
3,264991.7875169762
4,264991.7875169762
5,264991.7875169762
