iter,objval
1,277545.59554544574
2,277545.59554544574
3,277545.59554544574
4,277545.59554544574
5,277545.59554544574
