iter,objval
1,266613.51477123087
2,266613.51477123087
3,266613.51477123087
4,266613.51477123087
5,266613.51477123087
