iter,objval
1,270414.8906218297
2,270414.8906218297
3,270414.8906218297
4,270414.8906218297
5,270414.8906218297
