iter,objval
1,265334.5106793075
2,265334.5106793075
3,265334.5106793075
4,265334.5106793075
5,265334.5106793075
