iter,time
1,Centroid{x=-10.412672615100576, y=0.4627253555995807, id=1}
2,Centroid{x=-10.412672615100576, y=0.4627253555995807, id=1}
3,Centroid{x=-10.412672615100576, y=0.4627253555995807, id=1}
4,Centroid{x=-10.412672615100576, y=0.4627253555995807, id=1}
5,Centroid{x=-10.412672615100576, y=0.4627253555995807, id=1}
