iter,objval
1,264991.66158851766
2,264991.66158851766
3,264991.66158851766
4,264991.66158851766
5,264991.66158851766
