iter,objval
1,264991.6623909695
2,264991.6623909695
3,264991.6623909695
4,264991.6623909695
5,264991.6623909695
