iter,objval
1,288016.5731286397
2,288016.5731286397
3,288016.5731286397
4,288016.5731286397
5,288016.5731286397
