iter,objval
1,264991.70127744094
2,264991.70127744094
3,264991.70127744094
4,264991.70127744094
5,264991.70127744094
