iter,objval
1,308054.6912018299
2,308054.6912018299
3,308054.6912018299
4,308054.6912018299
5,308054.6912018299
