iter,objval
1,541541.461254493
2,541541.461254493
3,541541.461254493
4,541541.461254493
5,541541.461254493
