iter,objval
1,265002.36854571925
2,265002.36854571925
3,265002.36854571925
4,265002.36854571925
5,265002.36854571925
