iter,objval
1,265055.46222661604
2,265055.46222661604
3,265055.46222661604
4,265055.46222661604
5,265055.46222661604
