iter,objval
1,5909736.681450764
2,5909736.681450764
3,5909736.681450764
4,5909736.681450764
5,5909736.681450765
