iter,objval
1,166324.35398253615
2,162663.3265286046
3,204072.4384631546
4,110370.22842193184
5,166188.8299571387
