iter,objval
1,418732.9282413161
2,171302.7122385475
3,171157.21097635842
4,264991.8387503171
5,209141.33846781202
