iter,objval
1,115302.85275594829
2,110502.19395680544
3,162692.0248117478
4,114699.94740674019
5,161035.55817245808
