iter,objval
1,901301.5232697825
2,901301.5232697825
3,661131.5962931893
4,1813853.0519905186
5,506610.03351280687
