iter,objval
1,166214.34624135424
2,264991.6756520931
3,203849.55682904954
4,281614.75444885297
5,801995.6202087123
