iter,objval
1,3051112.4809600543
2,3342705.037272028
3,3051112.4809600553
4,3243481.2711369786
5,3829474.5312166587
