iter,objval
1,161082.68438773975
2,161098.1397388761
3,156102.73545488677
4,200594.51666771155
5,162658.891865513
