iter,objval
1,494933.43911218806
2,171366.8154416061
3,165996.646632488
4,171406.8692199403
5,661127.3563727821
