iter,objval
1,117051.31513159802
2,401068.71176628507
3,120825.90690844273
4,166216.5895147824
5,134027.4358417712
