iter,objval
1,102832.41231176138
2,166343.10892461496
3,96412.39842788994
4,96434.32603958658
5,97915.27352901408
