iter,objval
1,105310.24260062065
2,156142.9644492144
3,150860.69758916882
4,159274.01010292655
5,104845.55357677038
