iter,objval
1,1634127.8104171713
2,1634127.8104171716
3,1241973.4320824812
4,1219364.5384266032
5,901301.5311914328
