iter,objval
1,98242.05596642701
2,125653.31408863161
3,101025.32079487955
4,89640.61847603426
5,112574.02021870336
