iter,objval
1,517187.83101735415
2,671488.484046145
3,901301.5232697825
4,896199.888744019
5,661126.793074968
