iter,objval
1,110560.17098482084
2,97514.37978678306
3,89425.56522062366
4,99431.49916236689
5,95944.25153352588
