iter,objval
1,115414.95836244787
2,96283.56126026859
3,104445.18836772008
4,101248.68816928551
5,106666.68838533666
