iter,objval
1,96738.48261003787
2,96893.36998466284
3,188474.2659671278
4,106849.49692216408
5,92861.06208047505
