iter,objval
1,264991.66158851626
2,901301.5232697825
3,264991.6615885163
4,661126.7795050718
5,259836.35395513664
