iter,objval
1,2011477.8964545669
2,1634127.8104171713
3,1634127.827920531
4,1634127.810417171
5,3051112.4809600543
