Cluster,X,Y
0,-2.284011881528679,-6.337554702965464
1,-6.675910225853677,1.8894861809470866
5,-9.875740087689046,-4.987401612744815
6,1.121072994290951,6.365985074051834
2,4.724413665164048,5.27085561181248
4,-2.0298752426539566,-7.596197610353883
8,-5.41430422804032,7.003864611984469
3,7.203499633592667,-1.786236734135964
7,7.636186444727412,-2.990444156596924
