iter,objval
1,720859.3175611349
2,606033.0251947212
3,663638.0582310099
4,606433.1769189134
5,606561.7798355502
