iter,objval
1,1.915606064204671E7
2,2.3440966322798695E7
3,7.067724571366134E7
4,2.344096632279869E7
5,2.3440966322798695E7
