iter,objval
1,720859.3175611355
2,663412.9483935832
3,1.280790160909742E7
4,663342.0406298545
5,1.0851389788346943E7
