iter,objval
1,606136.2972052835
2,663196.4244581438
3,6953965.653696988
4,606070.451977205
5,7011217.86949144
