iter,objval
1,1.280790160909743E7
2,7068940.889185543
3,720859.317561136
4,7068940.889185541
5,1.0976410035827558E7
