iter,objval
1,663306.8160673148
2,6972257.291303441
3,7068940.889185538
4,7011663.779179867
5,720859.3175611357
