iter,objval
1,605857.660830099
2,566395.5103678424
3,663642.1990350203
4,606171.9897539166
5,606532.9225742858
