iter,objval
1,566974.2741990803
2,1.8190969310925215E7
3,624156.4204667876
4,566247.1851569293
5,605947.9989758442
