iter,objval
1,7068940.889185538
2,1.2807901609097434E7
3,2.344096632279869E7
4,2.344096632279869E7
5,2.344096632279869E7
