Cluster,X,Y
0,-2.2255672454238073,-6.324850113733598
1,-6.198217990173473,3.796313121161527
5,-9.814006076697218,-4.851483027110046
2,2.9244727948922975,5.817894722839884
4,-2.092607087852222,-7.602970543936037
3,7.429292919115214,-2.414640335472991
