Cluster,X,Y
0,-2.2243623726051585,-6.325998374120551
1,-6.675978060120176,1.8893894323445206
5,-9.875740087689016,-4.9874016127448275
6,-5.405766334212398,7.002938157302741
3,7.4292929191152215,-2.414640335472991
2,2.929514156243825,5.816910576187635
4,-2.0933559982295566,-7.603567272610337
