Cluster,X,Y
0,-0.7002220937286676,-13.461087092958667
1,2.341055817967181,5.046387761017989
2,-0.4576017217760491,6.570699990213324
3,-12.654974653521663,1.0765777900984617
4,-3.364418140255509,-1.485388377492706
5,-4.4252365489130625,8.401712228863971
6,8.719545739274956,-7.924238513134716
7,-12.746425001288237,11.022803795099342
