Cluster,X,Y
2,1.103073698449381,6.372175926667437
4,-7.058019658195803,1.1336716629305197
0,-2.160399820380012,-6.949758613119204
1,4.7074896946335585,5.275534251427424
5,-5.572455497714147,5.7558998046499275
6,7.429292919115226,-2.4146403354729915
3,-9.876508682828172,-4.989675956286717
