iter,objval
1,417722.69304976007
2,572575.9949218809
3,512968.3736900942
4,503543.98446742847
5,411007.0155944179
