iter,objval
1,4.725741646377729E7
2,8115053.31177557
3,3.0498090708860446E7
4,3.0498090708860446E7
5,2.3890854706994712E7
