iter,objval
1,386.93580934037095
2,461.0884351761105
3,109.74407801463275
4,161.94536716620033
5,161.94536716620033
