iter,objval
1,4049876.8723521917
2,5077915.064290712
3,719507.7542715876
4,1.077399425490179E7
5,2799851.169710312
