iter,objval
1,4615.1921541686
2,2168.3359927359556
3,2168.3359927359556
4,1368.0022163812514
5,5650.8160375559255
