iter,objval
1,18309.225861532363
2,99958.3656531259
3,97349.51155103762
4,31283.34604332736
5,7643.5303773438645
