Cluster,X,Y
0,-9.908283915781869,-10.357777853556684
1,4.093543519414919,-4.231257014601171
2,-1.0390282157212276,11.363372575968896
3,11.847995386167558,11.781388877245554
4,-14.450525585215683,-8.91904140604684
5,-11.239521107975335,13.973485378714546
6,9.39731272861789,8.511101003051309
7,-0.15486229802664653,-0.004551746982201621
