Cluster,X,Y
7,-6.659235103870242,1.916175474263007
2,0.36900886572106617,6.510062757013598
4,-9.93011856285263,-4.969834022634329
0,-2.425829358805813,-6.9209206514305714
1,7.073956009759121,-2.6034234842923545
5,-5.452975529110658,7.062147589827286
6,3.733160941967883,5.589366371493744
