iter,objval
1,663618.12019421
2,720859.3175611073
3,7011782.570195606
4,720859.3175611079
5,663502.9563493473
