iter,objval
1,1.8181422997701097E7
2,1.9156060642047055E7
3,1.8191206167674452E7
4,7068940.889185645
5,7.067724571366034E7
