iter,objval
1,7.067724571366036E7
2,7.067724571366036E7
3,7.067724571366036E7
4,7.067724571366036E7
5,7.067724571366036E7
