iter,objval
1,1.27506072304001E7
2,7068940.889185645
3,663484.3693066299
4,1.818644167023671E7
5,7011738.510867808
