iter,objval
1,1.2750527431849698E7
2,663593.8656391411
3,6953952.93142436
4,663570.4584100862
5,663300.9301607828
