iter,objval
1,2.3440966322798952E7
2,1.9156060642047055E7
3,1.9156060642047055E7
4,1.9156060642047055E7
5,1.9156060642047055E7
