iter,objval
1,1.097641003582723E7
2,1.097641003582723E7
3,7011664.809208003
4,1.2807901609097265E7
5,7068940.889185639
