iter,objval
1,720859.3175611084
2,1.2710769201335547E7
3,663560.8635247862
4,663146.982301654
5,720859.3175611075
