iter,objval
1,7011589.946620353
2,624172.2104072813
3,548533.3737788161
4,605823.9951820337
5,548797.3868652841
