iter,objval
1,623502.9556448793
2,663587.8691315143
3,624098.0889709652
4,606144.3632574996
5,566665.541545511
