Cluster,X,Y
0,-6.024859010944095,-5.946193055799898
1,-6.1909863048816565,3.7724912045616867
2,4.451445530689885,3.0576527054655416
