iter,objval
1,96779.81850502841
2,98120.37376580118
3,98241.74173310696
4,92508.21361974554
5,96289.17435698427
