iter,objval
1,105182.8887086753
2,200612.0955254346
3,105409.28858488736
4,111849.67475402892
5,109475.53296432816
