iter,objval
1,166385.64243576716
2,157751.30938246765
3,110255.69993517287
4,105379.80932218142
5,115190.06760045137
