iter,objval
1,166362.41632065625
2,162767.67280999222
3,115317.12572719534
4,264998.256343723
5,117151.5878218408
