iter,objval
1,1634128.0914852442
2,1634129.361527174
3,2047612.026232899
4,3051112.4832756496
5,1634128.51075661
