iter,objval
1,265022.8607955091
2,264996.6250106667
3,1346333.4783228205
4,661127.5072706824
5,265027.3670967355
