iter,objval
1,111705.89150235766
2,115560.2057529979
3,105098.8472883717
4,105987.8936977785
5,160720.9099417808
