iter,objval
1,101765.90810376153
2,154257.98758943894
3,105344.46861649967
4,100258.0881045089
5,102798.93819984679
