iter,objval
1,5909736.681450733
2,5909736.681450733
3,5909736.681450733
4,5909736.681450733
5,5909736.681450733
