iter,objval
1,812306.1497719963
2,503578.8353957402
3,1231228.4825337715
4,2047614.6594432965
5,1236307.03640698
