iter,objval
1,103280.95652368503
2,107392.56183124369
3,202476.4704860519
4,156255.6901927458
5,195805.609712073
