iter,objval
1,3051112.480960062
2,3051112.480960062
3,3051112.480960062
4,3051112.480960062
5,3845037.771920649
