iter,objval
1,1634128.9755728517
2,1236299.2286490677
3,901301.5311914282
4,1634129.344663777
5,1634129.306246706
