iter,objval
1,860495.5925752294
2,503551.16239307553
3,901301.5696896386
4,498482.8237913472
5,503551.16239307536
