iter,objval
1,96803.28820753793
2,90151.674177471
3,100107.3901677453
4,105153.50952300537
5,104577.59642684761
