iter,objval
1,171399.94268365932
2,251383.36312488795
3,414587.8586424947
4,171301.30581664844
5,171397.99972863105
