iter,objval
1,209122.66797328737
2,166281.86486742357
3,214225.5480030665
4,254886.07373434037
5,209095.7820039321
