iter,objval
1,498553.6361610736
2,259881.8810760096
3,176444.22138416822
4,567353.0700075869
5,494954.4548140525
