iter,objval
1,166344.3182465052
2,120645.65065658561
3,204800.22298022718
4,171371.12026137576
5,406018.15461119387
