iter,objval
1,110471.16588261642
2,110451.53681605359
3,106217.86026259197
4,103489.55650582956
5,96580.77917594746
