Cluster,X,Y
0,-0.1293354562645419,-6.513978989238161
1,-5.1293354562645419,2.513978989238161
2,5.013978989238161,5.113978989238161
3,7.613978989638161,3.913978989238161
4,1.113978989638161,-10.913978989238161
5,-3.563978989638161,-3.313978989238161
6,-1.363978489638761,9.215978389322161
7,10.456978489638761,2.214478389322161
8,-4.556978489638761,7.314478389322161
9,-6.356978489638761,10.414478389322161
