Cluster,X,Y
2,4.724413665164037,5.270855611812484
4,-2.029875242653957,-7.596197610353901
8,-5.881530002567249,3.3723738858444556
9,-5.4004503368752514,7.2209303147404
3,7.203499633592683,-1.7862367341359648
7,7.636186444727391,-2.9904441565969293
0,-2.2840118815286776,-6.33755470296546
1,-7.295596121770311,0.7986303887228227
5,-9.876802373636762,-4.9901384961562325
6,1.121072994290953,6.365985074051825
