iter,objval
1,562421.9365698297
2,522163.1015412089
3,604049.2626843336
4,519848.39156848827
5,891101.5618272581
