iter,objval
1,5.19343783308791E7
2,2.48743790666939E7
3,4.5066753151553355E7
4,3.0498090708860453E7
5,2.4587720437255748E7
