iter,objval
1,425.61300220827513
2,156.9278528084625
3,452.21152332885737
4,161.9453671662004
5,161.9453671662004
