iter,objval
1,8183732.157528674
2,2742651.0569174117
3,1771812.977550664
4,6098836.703597043
5,1511164.2451456392
