iter,objval
1,18309.22586153239
2,31281.85298996155
3,21737.313273868815
4,7643.530377343845
5,18309.2258615324
