iter,objval
1,1368.0022163812498
2,2168.335992735955
3,2168.335992735954
4,4194.555204025163
5,5271.119211344659
