Cluster,X,Y
0,7.924068948339517,11.77947313830683
1,-14.417119316096583,13.113898564509139
2,-2.6424516273726475,-6.834141185911086
3,4.135297047366109,-2.70113491294701
4,9.667782012559329,-8.083869409271445
5,-10.158464879704125,-11.412026827810935
6,5.363243920142146,11.15266534962198
7,-3.9584710372201286,1.1983256805289102
