Cluster,X,Y
2,-2.160399820380014,-6.9497586131192
4,8.030463490016515,-3.12050996763571
0,5.169873162874321,5.226878379706176
1,-5.397421257168166,7.184584989014622
5,-9.868255530860091,-4.9696524971555265
6,1.8399900577897785,6.103368207532827
3,7.17213885994613,-2.112700669859131
7,-6.630399755439403,2.0010141543577755
