Cluster,X,Y
0,-0.1293354562645419,-6.513978989238161
