Cluster,X,Y
0,-2.1768477315155854,1.0635596054453889
