iter,objval
1,471519.10824900016
2,1112715.2552297588
3,602566.4504427596
4,180788.3367106882
5,477342.53106116434
