iter,objval
1,946265.5726207277
2,442753.27590953244
3,365641.11249500426
4,640649.187082805
5,695530.0932864973
