iter,objval
1,1139804.0771024064
2,954376.2741648245
3,652977.2170164796
4,1034108.6321955912
5,317455.1690217363
