iter,objval
1,765142.7812857132
2,700808.0909159168
3,615052.5553682907
4,700634.0753533053
5,521744.10486187035
