iter,objval
1,744815.5993238178
2,414304.85857655824
3,382080.8088479976
4,544335.7128957139
5,680253.4128148876
