iter,objval
1,536155.7953468816
2,655962.2436778245
3,482764.56784863165
4,684722.6786973474
5,695399.3622926153
