iter,objval
1,878747.6378657136
2,853240.0733589657
3,484576.223472938
4,465725.3502833318
5,651758.5618321295
