iter,objval
1,1057444.2540272288
2,654514.3783275838
3,520102.26349950116
4,508561.07340242306
5,557041.9818044746
