iter,objval
1,453364.2909173757
2,1195595.3162794062
3,961168.9473951613
4,685274.4152545069
5,503576.5151827186
