iter,objval
1,753248.582082888
2,510466.77668247354
3,599784.6522105051
4,533491.2083436061
5,341161.13576851843
