iter,objval
1,523934.40956398996
2,830528.9767650937
3,482348.32959025615
4,766134.5154280779
5,643603.6851966426
