iter,objval
1,331664.7955644586
2,554930.1478402002
3,476379.4659718492
4,485740.55330908153
5,751290.050677048
