Cluster,X,Y
0,-0.1293354562645419,-6.513978989238161
1,-5.1293354562645419,2.513978989238161
2,5.013978989238161,5.113978989238161
3,7.613978989638161,3.913978989238161
