Cluster,X,Y
3,7.429292919115216,-2.4146403354729906
0,-6.024653410580188,-5.946575677332671
1,-6.215798227472726,3.759189968912279
2,2.9242531901220197,5.818019312818122
