Cluster,X,Y
2,2.9244727948922984,5.817894722839891
4,-2.160399820380016,-6.949758613119209
0,-9.814006076697243,-4.851483027110036
1,-6.198177506681533,3.7961640679403303
3,7.429292919115245,-2.4146403354729893
