Cluster,X,Y
2,2.9290647047556,5.817274825066163
4,-2.02987524265396,-7.596197610353905
0,-2.284011881528679,-6.337554702965469
1,-6.675978060120198,1.8893894323445122
5,-9.875740087689007,-4.98740161274482
6,-5.40576633421239,7.002938157302745
3,7.210473768620631,-1.7779283949044533
7,7.627629164013003,-2.990382238135088
