Cluster,X,Y
0,-9.398966237511003,4.340813546508237
1,-7.958589140441471,-7.836527084523737
2,-14.963891571978209,-10.564084710629583
3,10.352816750874645,-9.318377188349789
4,10.775524874995043,-7.851662420074654
5,0.035490624626678624,3.877998696347902
6,-2.111326166595642,-6.336905931572618
7,-13.453822999941348,13.330249306685019
