Cluster,X,Y
2,-11.210403032871643,-4.9390665614605895
4,7.429292919115221,-2.4146403354729955
0,-6.200853981284802,3.7898163018572406
1,-9.65316929299738,-4.860704211213356
5,2.9242531901220223,5.818019312818126
6,-2.1603998203800137,-6.949758613119199
