Cluster,X,Y
0,-7.2244004382839355,14.961187572313293
1,0.8132066385102767,13.745742609842619
2,-5.013781291023481,-6.901377803039406
3,2.6175386286523654,1.9046479005470616
4,7.03887264939619,-4.390995861248324
5,-5.4127129664549205,6.689049114500964
6,-14.968880342087274,-0.31561230870018164
7,-13.925053721853317,-11.357121566128445
