Cluster,X,Y
2,-2.1603998203800154,-6.9497586131192
4,7.429292919115218,-2.414640335472992
3,4.58064630674748,5.30082156864252
7,-9.88807573367892,-5.015520347332619
1,1.007761997241469,6.417556432715547
5,-5.770528908035805,4.956914696613579
6,-7.446498465273102,0.44952324276498495
