Cluster,X,Y
0,-0.1293354562645419,-6.513978989238161
1,-5.1293354562645419,2.513978989238161
