Cluster,X,Y
0,2.927141220943281,0.7031751490076701
1,-7.043534599449148,1.4071885431036273
