Cluster,X,Y
0,-3.7657206673157013,10.101598758320627
1,6.05183473414035,-1.5173902363148315
2,-2.8936996863975057,-14.237998443455854
3,13.556477395509624,13.992530488892804
4,-7.2316676170589655,-1.5401554067558578
5,7.9708224873832485,-7.877953946132599
6,9.012854256820688,11.118385788255658
7,-11.577670591020697,0.81437165202688
