Cluster,X,Y
0,-4.678037454632511,7.078115031050191
1,7.326671229069061,-1.6774997040725121
5,7.504414214461462,-2.954243211417116
6,3.176176139436381,5.755710603490117
7,-6.630956410941573,2.0436751689306822
2,-2.160399820380012,-6.949758613119194
4,-9.813416393568323,-4.853679425878331
