Cluster,X,Y
0,-3.5315380346249174,2.219078188679635
1,-10.412672615100576,0.4627253555995807
2,-2.701019451072831,-5.599690038383901
3,13.58567382670034,-0.15960421049753748
4,13.733947580876762,7.635835468319243
5,-5.9827284569641765,-10.261502764387897
6,8.259941519604567,7.869959070045276
7,-7.4695146045885386,-13.624609621278303
