Cluster,X,Y
0,6.029415020376174,4.603806673805952
1,11.141339865077448,-10.53535466301805
2,-11.226335377145965,3.8671948983211557
3,-1.0674342640395338,7.410374409628684
4,1.1562854502760835,-0.7090927822330517
5,-13.332231268189682,-0.12673737838635724
6,-5.301396771928548,10.332839445756015
7,-1.9103650687466462,-8.793549163752534
