Cluster,X,Y
0,-6.4996390976529295,-4.547264999578333
1,6.534180113636655,-2.488343051409096
2,9.383963677452972,13.631449459607751
3,-9.500499218343863,5.884396961266557
4,8.890352795564372,13.027356262944053
5,9.93075300901236,6.052005456020023
6,13.034049573603387,-1.1265485014145966
7,-11.622709868541028,5.462999295973049
