Cluster,X,Y
0,-6.018177389534398,-5.970154788636278
1,6.813505758850471,-2.487312645046373
3,-5.415092157412377,6.989688821546183
4,1.1210729942909556,6.365985074051813
5,4.724413665164045,5.2708556118124825
6,8.076399852912724,-2.338271813271596
7,-6.680309422780709,1.8805588389912962
