Cluster,X,Y
2,-6.675910225853687,1.8894861809470953
4,6.914551572510274,-2.0637021504735036
0,4.724413665164045,5.270855611812482
1,7.967278475743545,-2.78142585997835
5,-9.875740087689016,-4.987401612744825
6,-5.414304228040332,7.003864611984476
3,1.121072994290953,6.365985074051829
7,-2.1603998203800137,-6.949758613119209
