Cluster,X,Y
0,7.429292919115211,-2.414640335472976
1,-2.498055648369024,-7.507897418799802
2,2.929514156243853,5.816910576187688
3,-5.405766334212373,7.002938157302757
4,-1.8405236574260946,-6.421009263166852
5,-6.673872872877786,1.8936721908443412
6,-10.18838578699149,-5.516228015139867
7,-9.530270878741147,-4.398146698008418
